pkl_path,model_name,world,seed,N,T,T_full,runtime_sec,ari_train,ari_holdout,gamma_diag_mae,alpha_h_mae,beta_m_mae,gamma_m_rec,gamma_m_mae,theta_corr,r_mae,rho_rec,rho_mae,ess_theta,ess_alpha_h,ess_beta_m,ess_Gamma,ess_pi0,ess_gamma_m,ess_r_nb,rhat_max,waic,ess_rho,ess_u,ess_v
overnight_28may/correlated/rep0/fit_BEMMAOR-global-rfree_correlated_N200_T52_seed4000.pkl,BEMMAOR-global-rfree,correlated,4000,200,52,92,5630.4,0.25998259396186885,0.26407611250380103,0.09232209285221789,0.784791420537227,1.1271540090590155,2.407294547090948,0.703647273545474,,0.5998891689966663,,,1098.8571197203494,298.67270743119246,6.248751206538439,1153.4519236181497,1756.674694890082,699.126434783656,1214.8025779684076,1.7349666215466948,,,,
overnight_28may/correlated/rep0/fit_BEMMAOR-indiv-rfree_correlated_N200_T52_seed4000.pkl,BEMMAOR-indiv-rfree,correlated,4000,200,52,92,818.9,0.36755479060070617,0.3778361900964673,0.06359997897924168,0.08521913308139568,0.12703473612329294,1.13990954134956,0.06995477067477995,0.9265990007312056,0.41113587685112196,,,811.1206726090347,5.293544927432173,6.25433846809901,1613.0225568064877,2558.6115629122746,717.20740413353,788.2243055960712,2.1097739362465924,,,,
overnight_28may/correlated/rep0/fit_Heckman-global-rfree_correlated_N200_T52_seed4000.pkl,Heckman-global-rfree,correlated,4000,200,52,92,534.8,0.2646807909569164,0.2719930147426587,0.09206534538322708,0.2547697734784446,0.4018722659168134,,,,1.0104816305539475,0.006545079296451208,0.39738196828141953,,6.1180800021292825,5.339148266652299,1148.5205312768412,1835.6183914554565,,2045.4039248528923,2.106942281496613,,2002.988993568411,,
overnight_28may/correlated/rep0/fit_Hurdle-rfree_correlated_N200_T52_seed4000.pkl,Hurdle-rfree,correlated,4000,200,52,92,856.3,0.2882560067131098,0.2946979335022878,0.06518957416636735,0.16335289134505113,0.16123543752151978,,,,0.6245734501757542,,,,5.466280372212062,5.248905808951578,1061.6271824087733,1596.6361373173083,,87.2388934365027,2.1642143698369107,,,162.48348415015263,595.196624026095
overnight_28may/correlated/rep0/fit_heckman-indiv-rfree_correlated_N200_T52_seed4000.pkl,heckman-indiv-rfree,correlated,4000,200,52,92,1233.2,0.2901881271756349,0.2952550812902342,0.06277639637180484,0.10459222167523195,0.13386788523822682,,,,1.0015128627533523,1.2362536291207271,0.09450145164829082,,5.312449687063193,5.3034360659941875,2163.0289623917597,2103.33446693033,,4193.352803853407,2.1161437356329547,,,,
overnight_28may/correlated/rep1/fit_BEMMAOR-global-rfree_correlated_N200_T52_seed4001.pkl,BEMMAOR-global-rfree,correlated,4001,200,52,92,4767.0,0.2742696304850334,0.2620198138487356,0.09144450798684982,0.7512599265735735,1.2104281884942296,2.406325914798431,0.7031629573992155,,0.4324043598034409,,,1225.8121319169654,250.2894650853372,6.217162149829076,1309.0641389861662,1810.6392140514795,1099.4352508761906,1161.0395346331545,1.737536623450047,,,,
overnight_28may/correlated/rep1/fit_BEMMAOR-indiv-rfree_correlated_N200_T52_seed4001.pkl,BEMMAOR-indiv-rfree,correlated,4001,200,52,92,573.2,0.3473486071242578,0.3506154341410714,0.09508850715163808,0.28659090828327943,0.2642533922425882,0.8907538545115827,0.054623072744208634,0.8831735390933366,0.8179267264667368,,,1753.7082395302448,6.195022975664561,6.207404974357212,1698.621719093128,2965.926213069006,689.8653496061035,895.125899226089,1.7458902255648079,,,,
overnight_28may/correlated/rep1/fit_Heckman-global-rfree_correlated_N200_T52_seed4001.pkl,Heckman-global-rfree,correlated,4001,200,52,92,563.5,0.2876292076551748,0.26968435051378736,0.09122355552253458,0.2942968874315101,0.42859882477009403,,,,0.9785031252989388,-0.0038380056354233,0.40153520225416933,,6.142450830413027,5.306924006747918,1363.5281692308336,1803.028302170598,,1920.054541084658,2.1037516859618104,,2291.4813622229744,,
overnight_28may/correlated/rep1/fit_Hurdle-rfree_correlated_N200_T52_seed4001.pkl,Hurdle-rfree,correlated,4001,200,52,92,686.9,0.30043330947870905,0.28985734613317454,0.08354882788629707,0.25531538628843137,0.2684087174672567,,,,0.9948255962918657,,,,6.162560348746354,5.343156517177574,929.6338949492546,1810.3379001469648,,98.19459789645894,2.107580565327569,,,204.08631661345675,254.39693751483387
overnight_28may/correlated/rep1/fit_heckman-indiv-rfree_correlated_N200_T52_seed4001.pkl,heckman-indiv-rfree,correlated,4001,200,52,92,547.6,0.3013861054348978,0.2913937076867469,0.08244596906358674,0.15975607672936865,0.25615401977942637,,,,1.0018296125906616,1.2337669491568188,0.09350677966272752,,4.939355500535833,5.300678988897084,1896.4494039415786,2703.627808842678,,3606.903408814482,2.418303930133717,,,,
overnight_28may/correlated/rep2/fit_BEMMAOR-global-rfree_correlated_N200_T52_seed4002.pkl,BEMMAOR-global-rfree,correlated,4002,200,52,92,3378.4,0.25934216335476307,0.2493896728790351,0.08718942156358218,0.7548404114439693,1.1726830788644318,2.540215059733053,0.7701075298665265,,0.5023749779254745,,,817.9631165323742,105.70699711552551,5.985293267999175,127.5384464525823,2135.985137388146,66.09751872258512,341.6666386530802,1.7916733051498515,,,,
overnight_28may/correlated/rep2/fit_BEMMAOR-indiv-rfree_correlated_N200_T52_seed4002.pkl,BEMMAOR-indiv-rfree,correlated,4002,200,52,92,355.2,0.36372415958909654,0.35431583442581854,0.0886218984191598,0.1405339851717988,0.16062647468957642,1.1828433529621687,0.09142167648108435,0.9277447327924989,0.5738397132785782,,,871.4030655723833,5.101436833639904,6.217174803348534,1925.6371219579148,3786.5906350873106,642.1388051678791,927.7008130574026,2.2620812879202594,,,,
overnight_28may/correlated/rep2/fit_Heckman-global-rfree_correlated_N200_T52_seed4002.pkl,Heckman-global-rfree,correlated,4002,200,52,92,563.9,0.26718700975170845,0.26002462017525113,0.08710744071141208,0.2272589072278349,0.34366371912694765,,,,0.9995527558356928,0.000594508695688592,0.39976219652172457,,6.07264940399411,5.31096741856132,1459.2671577742756,2282.3535416730374,,2355.035563256005,2.1027806857499436,,2737.9846371179992,,
overnight_28may/correlated/rep2/fit_Hurdle-rfree_correlated_N200_T52_seed4002.pkl,Hurdle-rfree,correlated,4002,200,52,92,523.0,0.2897447966449964,0.27778141193486733,0.08524621345972265,0.27674560335609133,0.1459998642259964,,,,0.7494142261114093,,,,7.0648983402931105,5.326920322176125,1219.4030783329645,2033.0701872387033,,84.42068808721635,2.117759984163425,,,282.2211732844006,778.8715371720123
overnight_28may/correlated/rep2/fit_heckman-indiv-rfree_correlated_N200_T52_seed4002.pkl,heckman-indiv-rfree,correlated,4002,200,52,92,392.7,0.28987244345756635,0.28092895896956976,0.08440103992528263,0.1972202772278675,0.14002870473646623,,,,1.0083552531775344,1.2350129726216212,0.09400518904864846,,6.211741979650357,5.283462109723557,1891.755617996978,2935.446400946681,,3597.9537571620585,2.122386174090606,,,,
overnight_28may/correlated/rep3/fit_BEMMAOR-global-rfree_correlated_N200_T52_seed4003.pkl,BEMMAOR-global-rfree,correlated,4003,200,52,92,2713.6,0.24877396096862414,0.2468613943519838,0.09367727862530768,0.8000514256666343,1.1616361970406415,2.425288287223038,0.712644143611519,,0.42996181835720143,,,1011.7344181191723,282.156973279034,6.14879780354286,1463.6291348290392,2285.4456783232326,897.8635221097187,1101.4836715433464,1.7471608293853433,,,,
overnight_28may/correlated/rep3/fit_BEMMAOR-indiv-rfree_correlated_N200_T52_seed4003.pkl,BEMMAOR-indiv-rfree,correlated,4003,200,52,92,350.0,0.3595677470333123,0.3648613920602703,0.08732279703562777,0.04534695036446016,0.1468375338620781,1.0946398419711736,0.047319920985586794,0.9083856941513343,0.4790696318448982,,,1277.623526481571,5.298840046432392,6.197840393440081,1950.3198850063281,3108.203376197552,680.1553372577092,877.3666790125588,2.108599897650394,,,,
overnight_28may/correlated/rep3/fit_Heckman-global-rfree_correlated_N200_T52_seed4003.pkl,Heckman-global-rfree,correlated,4003,200,52,92,597.1,0.2592414878700067,0.2626806492670321,0.09340832500990721,0.24661381837963867,0.4722950371242629,,,,0.9970996157133659,-0.013451855255499376,0.40538074210219976,,6.057101150370678,5.319399513033747,1368.6322405824337,2336.3639688437497,,2730.793502780243,2.1030788596863466,,2237.18742189083,,
overnight_28may/correlated/rep3/fit_Hurdle-rfree_correlated_N200_T52_seed4003.pkl,Hurdle-rfree,correlated,4003,200,52,92,649.4,0.2897928935457851,0.2871979472989885,0.0851328814111078,0.11343164458766669,0.193301649552865,,,,0.9591261471997509,,,,6.147107632531221,5.419996972470313,1112.8950657142316,1957.1690016292937,,98.63944946093694,2.1143620075542673,,,207.56463426114883,599.2525834881725
overnight_28may/correlated/rep3/fit_heckman-indiv-rfree_correlated_N200_T52_seed4003.pkl,heckman-indiv-rfree,correlated,4003,200,52,92,802.5,0.2933123779211931,0.2897349912982361,0.08243232002371097,0.11356380174456922,0.17250799662115804,,,,1.0162750938460878,1.2353828836398253,0.09415315345593012,,5.2580431807703025,5.310920572466993,2119.8310458901487,2604.450434390903,,2786.5239663070374,2.1403783002265655,,,,
overnight_28may/correlated/rep4/fit_BEMMAOR-global-rfree_correlated_N200_T52_seed4004.pkl,BEMMAOR-global-rfree,correlated,4004,200,52,92,4591.5,0.25919020377928326,0.24135427278660274,0.10078143490787166,0.7403730469278179,1.1819045405585094,2.4415077123622297,0.7207538561811149,,0.6540469827798664,,,1338.9831797381037,275.6629352786651,6.226791851253153,1329.8706232980608,2146.8243539471437,1038.542441843148,1237.000810700372,1.739734194504665,,,,
overnight_28may/correlated/rep4/fit_BEMMAOR-indiv-rfree_correlated_N200_T52_seed4004.pkl,BEMMAOR-indiv-rfree,correlated,4004,200,52,92,352.3,0.37842639056330446,0.361934059231604,0.08246479555268786,0.13721847950461538,0.1874602383475853,1.1052322289266683,0.05261611446333414,0.9139957461399987,0.9110559699116249,,,1244.9538023554394,5.6370797971867725,6.236118486806568,2023.219017403092,3095.9838463840038,706.1459102454158,857.0147342094531,1.923993955082058,,,,
overnight_28may/correlated/rep4/fit_Heckman-global-rfree_correlated_N200_T52_seed4004.pkl,Heckman-global-rfree,correlated,4004,200,52,92,506.3,0.26802006785816074,0.249896249093972,0.10008332741657582,0.3131999511046453,0.5512552053800108,,,,0.9992963612290658,0.032611420009685775,0.3869554319961257,,6.182551444744289,5.310202566196013,1394.6199065979758,2389.561429485586,,2394.7522938055613,2.101771673739887,,2477.3234060609234,,
overnight_28may/correlated/rep4/fit_Hurdle-rfree_correlated_N200_T52_seed4004.pkl,Hurdle-rfree,correlated,4004,200,52,92,539.3,0.30143307911499806,0.27380500441645383,0.08692825442072334,0.20023204123785035,0.2514719861297261,,,,0.9832714100084607,,,,6.682477318003739,5.312616501553401,1075.8258685802896,1530.573717631586,,139.26970192879162,2.1184594751652894,,,494.6062497550898,877.2642371417816
overnight_28may/correlated/rep4/fit_heckman-indiv-rfree_correlated_N200_T52_seed4004.pkl,heckman-indiv-rfree,correlated,4004,200,52,92,316.1,0.302803561031188,0.27457647158123577,0.08500099844202225,0.1660279567883513,0.24336523539632968,,,,1.0090153303384877,1.2358585510748428,0.09434342042993715,,7.283414440439243,5.296720968383623,2102.4885043416375,3033.196332546265,,3902.186996140328,2.1328639850673734,,,,
overnight_28may/correlated/rep5/fit_BEMMAOR-indiv-rfree_correlated_N200_T52_seed4005.pkl,BEMMAOR-indiv-rfree,correlated,4005,200,52,92,354.0,0.36577363782870426,0.38184788637514305,0.09203681506966799,0.22266123691603468,0.16427220802632284,1.0892351161378482,0.04461755806892409,0.9193992515036021,0.7233326487226898,,,1052.3164932309007,5.160679204306784,6.138389714094056,1145.556994457624,2062.9175017009625,437.63044710013924,546.8157750350916,2.195235204524788,,,,
overnight_28may/correlated/rep5/fit_Heckman-global-rfree_correlated_N200_T52_seed4005.pkl,Heckman-global-rfree,correlated,4005,200,52,92,536.7,0.26213693172344105,0.26979173323704314,0.10188256991261768,0.23262780470234534,0.5248747638366625,,,,1.0053150443562429,-0.0017711920439915923,0.40070847681759664,,6.195889134914778,5.310462031390972,1135.0697776034515,1311.5744898198514,,2026.8524925989268,2.101076586480265,,2377.432682568983,,
overnight_28may/correlated/rep5/fit_Hurdle-rfree_correlated_N200_T52_seed4005.pkl,Hurdle-rfree,correlated,4005,200,52,92,733.3,0.29115788493494127,0.29993867261972273,0.08136497513862744,0.07240385890175531,0.2295937734401361,,,,0.6728364039943293,,,,5.507763638936712,5.9831049275105705,1141.0046225350657,1518.9158996727078,,91.20558890828266,2.0182177804570838,,,202.90872689326292,276.34273143883615
overnight_28may/correlated/rep5/fit_heckman-indiv-rfree_correlated_N200_T52_seed4005.pkl,heckman-indiv-rfree,correlated,4005,200,52,92,309.2,0.29281725488838634,0.29859383688028057,0.07942066444639721,0.09811180462700671,0.2163003382322194,,,,1.0145237717742364,1.234888319379676,0.09395532775187043,,4.939656628999326,5.347327217164272,2104.1931114091817,2558.183019302377,,4013.958723969775,2.4153111281104316,,,,
overnight_28may/correlated/rep6/fit_BEMMAOR-indiv-rfree_correlated_N200_T52_seed4006.pkl,BEMMAOR-indiv-rfree,correlated,4006,200,52,92,352.4,0.36068983752301076,0.36246929784057536,0.09539496407842481,0.1715819262051168,0.12639648809246742,1.1466874547956978,0.07334372739784889,0.9120314755005597,1.3527057380677103,,,1250.2503702879537,5.295967536450897,6.16494032378686,1796.7576777134598,2871.722526312847,659.4129498334879,929.2443945383702,2.105355780036717,,,,
overnight_28may/correlated/rep6/fit_Heckman-global-rfree_correlated_N200_T52_seed4006.pkl,Heckman-global-rfree,correlated,4006,200,52,92,482.2,0.278079713756215,0.2605348937639347,0.08704199738780871,0.3149784068576312,0.4029453752058716,,,,0.9982511540598319,0.004076863168798423,0.39836925473248064,,6.209191711122725,5.307817084743818,1522.5239801296264,2576.7477307765935,,3165.1331528202822,2.099316738261089,,2921.74005377512,,
overnight_28may/correlated/rep6/fit_Hurdle-rfree_correlated_N200_T52_seed4006.pkl,Hurdle-rfree,correlated,4006,200,52,92,825.1,0.3033987249359208,0.2826730465185833,0.08407224782569227,0.07763802245809164,0.1867025202990399,,,,0.5941975598810395,,,,6.079111249331621,5.331418156313753,618.917046542395,1925.3547715848329,,81.66760784802514,2.1288748794366357,,,253.06190488997086,170.6837572615129
overnight_28may/correlated/rep6/fit_heckman-indiv-rfree_correlated_N200_T52_seed4006.pkl,heckman-indiv-rfree,correlated,4006,200,52,92,312.1,0.30402040581476486,0.28310224691834296,0.07920928140098367,0.12107504095482235,0.16622347470741736,,,,1.0126954274088076,1.2354919498639048,0.09419677994556191,,5.300552267884991,5.280089931770314,1314.2114360607225,2501.901751266996,,2732.8604422297794,2.1252675385179605,,,,
overnight_28may/correlated/rep7/fit_BEMMAOR-indiv-rfree_correlated_N200_T52_seed4007.pkl,BEMMAOR-indiv-rfree,correlated,4007,200,52,92,351.1,0.3414939244402396,0.3744831448943629,0.07454884222531588,0.15904688419098476,0.06964209934654463,1.0777214390750036,0.03886071953750181,0.9302263779278126,1.1553018703531779,,,1626.625796322178,7.303964666928723,6.265985609241383,2256.939105140614,3016.928446191306,816.3288393112331,1181.1608654143613,1.7441989876505413,,,,
overnight_28may/correlated/rep7/fit_Heckman-global-rfree_correlated_N200_T52_seed4007.pkl,Heckman-global-rfree,correlated,4007,200,52,92,452.2,0.2388098741966256,0.25658478064654633,0.0860941552709407,0.21678101370754443,0.3528878523064097,,,,1.0043704342889745,0.008144695001649176,0.39674212199934034,,5.294890479917431,5.3223298377505355,1580.9205728485235,2929.4432123919246,,3319.2913213762577,2.1018257517605616,,3149.25122270652,,
overnight_28may/correlated/rep7/fit_Hurdle-rfree_correlated_N200_T52_seed4007.pkl,Hurdle-rfree,correlated,4007,200,52,92,660.8,0.26147978438171676,0.29408221190908307,0.07349894978218467,0.25810261395809503,0.08867998475002027,,,,0.7417779062886257,,,,7.155853311456842,5.309998400227333,1111.4504150562918,2374.1945706992224,,129.23940796857332,2.1221999270473586,,,291.8071413037038,556.7688854607117
overnight_28may/correlated/rep7/fit_heckman-indiv-rfree_correlated_N200_T52_seed4007.pkl,heckman-indiv-rfree,correlated,4007,200,52,92,376.3,0.26300814552164403,0.2949998529218935,0.06903800380796173,0.2622579376800681,0.0820933105169686,,,,1.0016439044776877,1.236632813843611,0.09465312553744437,,5.328209834516819,5.337203901001203,2096.9762184696747,2905.752705576002,,3486.9835062647626,2.1068448631153136,,,,
overnight_28may/correlated/rep8/fit_BEMMAOR-indiv-rfree_correlated_N200_T52_seed4008.pkl,BEMMAOR-indiv-rfree,correlated,4008,200,52,92,359.6,0.35196801467243105,0.37646251916545725,0.10790961610476531,0.21136974854625404,0.16345497631963676,1.0570550798421086,0.02852753992105428,0.9181407832632932,0.4473226373170041,,,658.5251013546731,7.2560433371826525,6.281179522234216,2079.4253583547893,3470.6319214797586,525.8423240785594,587.848712660736,1.739236695972126,,,,
overnight_28may/correlated/rep8/fit_Heckman-global-rfree_correlated_N200_T52_seed4008.pkl,Heckman-global-rfree,correlated,4008,200,52,92,486.6,0.2641657136490321,0.28475071654056355,0.10268844474176204,0.3762405260121031,0.45354498500482415,,,,0.9955889501867207,0.00017479194022006482,0.399930083223912,,6.14901471685888,5.315775784905179,1652.0788322312642,2189.138513317859,,2468.318145132484,2.101310126668068,,2496.0340711994104,,
overnight_28may/correlated/rep8/fit_Hurdle-rfree_correlated_N200_T52_seed4008.pkl,Hurdle-rfree,correlated,4008,200,52,92,838.9,0.2912975578192531,0.29716100253397215,0.09202359447589048,0.13917638471652638,0.2376746913390783,,,,1.1649277639093742,,,,5.648204813783986,5.348854205903801,1197.2876881084294,1591.4158897781501,,85.63392147044642,2.107633634616777,,,231.0974398174246,403.98199847735384
overnight_28may/correlated/rep8/fit_heckman-indiv-rfree_correlated_N200_T52_seed4008.pkl,heckman-indiv-rfree,correlated,4008,200,52,92,290.9,0.2919143500359663,0.29869628714938606,0.09042094840491965,0.11434353144267324,0.22181748665996973,,,,1.0162139810089736,1.2356184885970685,0.09424739543882743,,5.324737096258256,5.344793304362999,1388.9339269455782,1815.9844486161792,,2555.0497508537696,2.1105370111469033,,,,
overnight_28may/correlated/rep9/fit_BEMMAOR-indiv-rfree_correlated_N200_T52_seed4009.pkl,BEMMAOR-indiv-rfree,correlated,4009,200,52,92,357.5,0.3510730164833164,0.3713052209989121,0.09120767292463772,0.1304548941803459,0.13195906523170212,1.0719855284464712,0.03599276422323561,0.9230996917410533,0.7442859972427871,,,1201.5348920818838,5.958313635489352,6.199735896927794,1597.3932222693315,2257.509635451427,635.5796148251692,849.3865991686232,1.800830646656807,,,,
overnight_28may/correlated/rep9/fit_Heckman-global-rfree_correlated_N200_T52_seed4009.pkl,Heckman-global-rfree,correlated,4009,200,52,92,364.0,0.24218678643490696,0.2509834107746017,0.11194185598006834,0.3561781492155463,0.5057509113641188,,,,1.00997402049526,0.0006124098972832515,0.3997550360410867,,6.18929234180542,5.302253053702158,1271.7499050222987,2228.3555045951593,,2269.294575440747,2.1019658059994106,,2304.52115507045,,
overnight_28may/correlated/rep9/fit_Hurdle-rfree_correlated_N200_T52_seed4009.pkl,Hurdle-rfree,correlated,4009,200,52,92,906.4,0.27954970723507766,0.29868442732489225,0.08090561459180216,0.11320654864170006,0.16725522963841122,,,,1.6505920911318468,,,,5.349166369216891,5.346133448080278,1026.522136211478,1631.0541082196114,,139.29758015769406,2.1179102743673495,,,365.20750693465067,891.0944937181955
overnight_28may/correlated/rep9/fit_heckman-indiv-rfree_correlated_N200_T52_seed4009.pkl,heckman-indiv-rfree,correlated,4009,200,52,92,342.4,0.28009664763869013,0.3007498239908187,0.07859119622318649,0.07201239828971152,0.14707665430975939,,,,1.0137572955395224,1.235643785075556,0.09425751403022237,,6.226183925028783,5.349132349729237,2435.1163409871306,3571.424325228581,,3856.1574766577533,2.112954018089767,,,,
overnight_28may/independent/rep0/fit_BEMMAOR-global-rfree_independent_N200_T52_seed4000.pkl,BEMMAOR-global-rfree,independent,4000,200,52,92,7639.7,0.5541381394317544,0.5535234603979428,0.06891996236090037,0.8846812687776131,1.1045871708395678,1.112326937453016,1.112326937453016,,0.6235219374873341,,,1173.4422198955967,267.1892021122332,5.459233410253104,1321.799476724556,2152.1250881200754,952.3369790028858,1284.8137352916983,2.027465044551811,,,,
overnight_28may/independent/rep0/fit_BEMMAOR-indiv-rfree_independent_N200_T52_seed4000.pkl,BEMMAOR-indiv-rfree,independent,4000,200,52,92,824.0,0.5842197783850677,0.5731703181870417,0.05313516431084716,0.09141700482563819,0.08044605653708731,0.008113517882921068,0.008113517882921068,0.9425304320763107,0.2609081417493716,,,2019.6462030054245,5.335896968893863,6.16081593794374,2184.9335681061625,2483.125574956801,1904.7310891131901,1028.709252652743,2.1000291987413062,,,,
overnight_28may/independent/rep0/fit_Heckman-global-rfree_independent_N200_T52_seed4000.pkl,Heckman-global-rfree,independent,4000,200,52,92,463.8,0.5695882968298619,0.566277398863427,0.06903852008814888,0.1749769073396402,0.07951548705445032,,,,0.9987923660743375,0.005736880638601744,0.005736880638601744,,6.163986369996609,5.307061582522136,1747.6928958540723,2608.213560818594,,3359.902869578852,2.0979357048785374,,4331.324963699785,,
overnight_28may/independent/rep0/fit_Hurdle-rfree_independent_N200_T52_seed4000.pkl,Hurdle-rfree,independent,4000,200,52,92,747.9,0.5708912809392367,0.5668906613921915,0.05454585707934408,0.16347683407300118,0.07942990851358024,,,,0.4482490175297194,,,,5.320447135082005,5.297996043740237,1395.626933113064,1662.7795207935017,,83.535368022643,2.140918945130538,,,188.40382131516512,392.5520085665387
overnight_28may/independent/rep0/fit_heckman-indiv-rfree_independent_N200_T52_seed4000.pkl,heckman-indiv-rfree,independent,4000,200,52,92,1244.6,0.5716641552562851,0.5707205249075616,0.05457441184788736,0.12661791219560514,0.07884060750141311,,,,0.9980431185506496,-0.08655368080286684,0.08655368080286684,,4.967625656495463,5.324803551875116,1009.4298335232892,1565.4794801379112,,2873.9390658058314,2.4155324449150113,,,,
overnight_28may/independent/rep1/fit_BEMMAOR-global-rfree_independent_N200_T52_seed4001.pkl,BEMMAOR-global-rfree,independent,4001,200,52,92,8356.7,0.5811039150220491,0.5723081175903854,0.053425820418733304,0.7630814375898236,1.0684949770549077,1.058723796444741,1.058723796444741,,0.7870825117899143,,,42.27177292449526,54.771162963781215,5.565294382067986,7.1631278956128845,7.500396941786558,70.67649515193054,7.052325440437829,1.9740795899073906,,,,
overnight_28may/independent/rep1/fit_BEMMAOR-indiv-rfree_independent_N200_T52_seed4001.pkl,BEMMAOR-indiv-rfree,independent,4001,200,52,92,577.5,0.5911659353819956,0.5864411601007073,0.043938058762731526,0.17542259619946163,0.10356539961658816,0.020012217961828192,0.020012217961828192,0.9260548383112998,0.7990186588093661,,,1694.7880651899561,6.127096147199183,6.167331920805843,1611.8728113517946,2539.140178412007,1129.455470211512,700.9732971904957,1.7538698450920347,,,,
overnight_28may/independent/rep1/fit_Heckman-global-rfree_independent_N200_T52_seed4001.pkl,Heckman-global-rfree,independent,4001,200,52,92,459.8,0.5812966561454542,0.57571649079081,0.05970181658068433,0.0863772734017938,0.11226423316090721,,,,1.0038193765163257,0.0026700947293505314,0.0026700947293505314,,5.322243402185814,5.299627662303934,1774.880841930449,3292.571221390222,,3859.0901479065765,2.0979762760099177,,3941.6780892454008,,
overnight_28may/independent/rep1/fit_Hurdle-rfree_independent_N200_T52_seed4001.pkl,Hurdle-rfree,independent,4001,200,52,92,574.9,0.5916311802075368,0.5816896712704833,0.052038497693637074,0.09471998441086417,0.10107426629545152,,,,1.588748721673369,,,,4.91636098971883,5.332446435027469,1218.0847224023394,2256.883006626901,,146.93555258873565,2.449342232535188,,,393.8199498470039,1584.5903699379571
overnight_28may/independent/rep1/fit_heckman-indiv-rfree_independent_N200_T52_seed4001.pkl,heckman-indiv-rfree,independent,4001,200,52,92,428.0,0.5876806663532933,0.5828609004955794,0.051757343815316124,0.05514480526210953,0.10114264328170679,,,,1.0033959666263732,-0.007941836466735654,0.007941836466735654,,4.952030431000929,5.332574211026187,836.4551843511884,1629.8286745726105,,2493.398287052503,2.451479764028124,,,,
overnight_28may/independent/rep2/fit_BEMMAOR-global-rfree_independent_N200_T52_seed4002.pkl,BEMMAOR-global-rfree,independent,4002,200,52,92,6602.5,0.585222605924374,0.5727758188936027,0.058805184683218305,0.8977076820164628,1.1000245711815881,1.099959747881609,1.099959747881609,,0.8853551275614366,,,56.856670702849186,18.355726674263032,5.570371386797753,6.835160660237647,8.332970576896342,242.79033587093272,7.275181192830784,1.9660728675067964,,,,
overnight_28may/independent/rep2/fit_BEMMAOR-indiv-rfree_independent_N200_T52_seed4002.pkl,BEMMAOR-indiv-rfree,independent,4002,200,52,92,358.4,0.5865134376794745,0.5643166724478149,0.06776406536551878,0.20156132408902497,0.11773917778015153,0.011821499087186233,0.011821499087186233,0.9417825808813297,0.5222353281379427,,,1669.8136426548463,5.294539548647619,6.15172363354534,2361.1084570740513,3410.1707862669646,1515.341013063048,836.0203215745096,2.1068740980186402,,,,
overnight_28may/independent/rep2/fit_Heckman-global-rfree_independent_N200_T52_seed4002.pkl,Heckman-global-rfree,independent,4002,200,52,92,447.8,0.5874971661098289,0.5643822670301938,0.0677401949573992,0.22876178025828742,0.10243227378068792,,,,1.002077208008996,0.001538010063676323,0.001538010063676323,,5.29922469184166,5.29248386638008,1931.3786101537282,2901.3460615351723,,3015.641755479348,2.1005599770275682,,3324.4969968263135,,
overnight_28may/independent/rep2/fit_Hurdle-rfree_independent_N200_T52_seed4002.pkl,Hurdle-rfree,independent,4002,200,52,92,485.8,0.5859858076269059,0.5674756003625754,0.05373766789790013,0.09520057617679767,0.10660532556762801,,,,0.05562081321574652,,,,5.1665998225748755,5.308397917460331,1461.3778223840711,2008.4400575747597,,33.09886663525982,2.2344206262304316,,,78.90161927513911,1178.5027943126063
overnight_28may/independent/rep2/fit_heckman-indiv-rfree_independent_N200_T52_seed4002.pkl,heckman-indiv-rfree,independent,4002,200,52,92,282.8,0.588026818337853,0.5658435110050917,0.05396278356690809,0.1646803109436616,0.10673802332606719,,,,1.0179740274789766,0.025349793226917973,0.025349793226917973,,5.316987245654659,5.32510408601365,860.0442343584107,1732.660199624781,,2395.9621667778424,2.105645263627336,,,,
overnight_28may/independent/rep3/fit_BEMMAOR-global-rfree_independent_N200_T52_seed4003.pkl,BEMMAOR-global-rfree,independent,4003,200,52,92,3813.0,0.580250041002861,0.5434895454157211,0.06232851793121822,0.8876280374862041,1.100487673932151,1.1136009463487022,1.1136009463487022,,0.5978476018006846,,,1204.1960627052988,208.21078271671158,5.505665031657022,1528.5349140378728,2032.247284848425,997.3454735813971,1233.2184513126115,2.0127557098305693,,,,
overnight_28may/independent/rep3/fit_BEMMAOR-indiv-rfree_independent_N200_T52_seed4003.pkl,BEMMAOR-indiv-rfree,independent,4003,200,52,92,358.3,0.607264179835852,0.5826924547520146,0.04721304406725942,0.04075178113329042,0.10659953526179133,0.009294908684128848,0.009294908684128848,0.9316170668062163,0.2714880088373919,,,2012.918554032986,4.950627996955768,6.165883428284361,2171.7418641015156,4472.997289331297,2096.532755960276,734.6759490555902,2.409940894206662,,,,
overnight_28may/independent/rep3/fit_Heckman-global-rfree_independent_N200_T52_seed4003.pkl,Heckman-global-rfree,independent,4003,200,52,92,451.8,0.5940012362141418,0.5750335584804633,0.06238474355520444,0.14480217370421825,0.10430645455275507,,,,1.0020164598330792,0.0003402027408460646,0.0003402027408460646,,6.16117853617438,4.939532206796847,2104.220465820437,4126.100254264697,,3587.0535769996977,2.4144643543100077,,4094.75817957417,,
overnight_28may/independent/rep3/fit_Hurdle-rfree_independent_N200_T52_seed4003.pkl,Hurdle-rfree,independent,4003,200,52,92,662.4,0.6000605152006967,0.5787485862320162,0.04985978964295712,0.16530032236383715,0.10080479055052116,,,,1.1278605281396572,,,,4.9485461624840505,5.3100519830330395,1325.3493021549816,2641.475957763051,,147.8874797962494,2.4149753716752245,,,398.2049596373442,1422.7888627808316
overnight_28may/independent/rep3/fit_heckman-indiv-rfree_independent_N200_T52_seed4003.pkl,heckman-indiv-rfree,independent,4003,200,52,92,652.2,0.6000902841728825,0.577071138313348,0.05073358265786798,0.10694145661687082,0.09659925995624323,,,,1.0062980478090153,0.13863371076648917,0.13863371076648917,,7.293158605513621,5.322593201577827,1163.3552933125006,2197.9579609939547,,2209.426943128697,2.1013974773669224,,,,
overnight_28may/independent/rep4/fit_BEMMAOR-global-rfree_independent_N200_T52_seed4004.pkl,BEMMAOR-global-rfree,independent,4004,200,52,92,8296.9,0.5829083244870529,0.5616384555014102,0.06925942542880215,0.8381197453125502,1.149627053586881,1.0550241917210499,1.0550241917210499,,0.8456856660102163,,,58.054006523462434,124.89864376240098,5.711493114226412,7.247373360605892,7.406008849252997,427.84607333698983,7.246987043043935,1.9281702524447453,,,,
overnight_28may/independent/rep4/fit_BEMMAOR-indiv-rfree_independent_N200_T52_seed4004.pkl,BEMMAOR-indiv-rfree,independent,4004,200,52,92,338.1,0.5909047347333728,0.5724060915076429,0.05487160421702245,0.08685866662085527,0.11491900450311825,0.008279262429240796,0.008279262429240796,0.9323298476353044,0.729625396329369,,,1360.172678094547,5.3788712758198685,6.137254913111464,1801.5997909958028,2772.7361232331036,1685.5949924525962,610.2700183727487,2.0751831048041036,,,,
overnight_28may/independent/rep4/fit_Heckman-global-rfree_independent_N200_T52_seed4004.pkl,Heckman-global-rfree,independent,4004,200,52,92,452.8,0.5772716009528011,0.5606149834729975,0.07362405196731137,0.16124262757532265,0.1065791210767713,,,,0.9946317647051727,-0.0013562554561474117,0.0013562554561474117,,5.299912886205063,5.314928293914731,1862.0920358344922,2539.103946410197,,3328.5279253170656,2.1000165404298277,,3211.2089176441377,,
overnight_28may/independent/rep4/fit_Hurdle-rfree_independent_N200_T52_seed4004.pkl,Hurdle-rfree,independent,4004,200,52,92,441.7,0.5834637743358604,0.5607384203653579,0.058921670407131,0.12522256328966566,0.10205566851948122,,,,0.989815531236025,,,,5.233044810728662,5.3190432413017525,1767.854417720573,3226.771059556862,,71.92256543077502,2.1558898061482075,,,232.5762010881733,2119.324232720133
overnight_28may/independent/rep4/fit_heckman-indiv-rfree_independent_N200_T52_seed4004.pkl,heckman-indiv-rfree,independent,4004,200,52,92,243.5,0.5840154699191231,0.5623894386539767,0.05915367371051491,0.06789062975212909,0.10333556706792912,,,,1.0111028131318691,0.07851692977791151,0.07851692977791151,,7.228078497957009,5.303529606510311,885.148958498571,1362.5745075189373,,2138.043329523858,2.1116944496796344,,,,
overnight_28may/independent/rep5/fit_BEMMAOR-indiv-rfree_independent_N200_T52_seed4005.pkl,BEMMAOR-indiv-rfree,independent,4005,200,52,92,351.5,0.5745501299574071,0.5812994937034824,0.05829722855618783,0.18398580913209583,0.10747219952598452,0.009833151693570635,0.009833151693570635,0.9391075163930795,0.6639491338556248,,,1881.959634635264,5.297004534549629,6.15617369864873,2127.296085154886,3046.0073126467723,1815.3809539913818,899.7371971142563,2.1192582746524544,,,,
overnight_28may/independent/rep5/fit_Heckman-global-rfree_independent_N200_T52_seed4005.pkl,Heckman-global-rfree,independent,4005,200,52,92,463.1,0.5729391601803229,0.5847792085125384,0.06269884349142833,0.1515711469080413,0.11205383133410936,,,,1.0158082785492308,0.009201795473184051,0.009201795473184051,,6.165883569024986,5.291695518822906,2011.775501137059,2881.216715583623,,4051.247919696635,2.0984052833341407,,4062.6141062541046,,
overnight_28may/independent/rep5/fit_Hurdle-rfree_independent_N200_T52_seed4005.pkl,Hurdle-rfree,independent,4005,200,52,92,678.9,0.5795803296469909,0.5898531082291096,0.049918767630166484,0.10546027325438036,0.1062864817662072,,,,1.0839487390037503,,,,5.245872694087367,5.300513702051579,1487.9289401672556,2928.9665768818345,,126.21696287161464,2.1536711344565647,,,267.4093999006431,1591.7422691404797
overnight_28may/independent/rep5/fit_heckman-indiv-rfree_independent_N200_T52_seed4005.pkl,heckman-indiv-rfree,independent,4005,200,52,92,237.9,0.5773135781193032,0.5898181203326273,0.05044434347544972,0.09104064918084687,0.1083638127119493,,,,0.9947469096869103,-0.12072968557446064,0.12072968557446064,,5.263007564885391,5.316837237638545,1107.5784047347604,1631.7997460724264,,2330.78031554144,2.142331714763206,,,,
overnight_28may/independent/rep6/fit_BEMMAOR-indiv-rfree_independent_N200_T52_seed4006.pkl,BEMMAOR-indiv-rfree,independent,4006,200,52,92,358.7,0.5921409450083536,0.577601882373066,0.051934890649774856,0.10309168822289949,0.11273123148574053,0.01599172632274889,0.01599172632274889,0.9318061442164992,0.3677098412438157,,,1662.6378236291862,4.944185146518396,6.1606432564391,2323.2270898355596,3422.011823248373,1310.619147527519,840.5421879781895,2.41402720394924,,,,
overnight_28may/independent/rep6/fit_Heckman-global-rfree_independent_N200_T52_seed4006.pkl,Heckman-global-rfree,independent,4006,200,52,92,457.3,0.5890536143416363,0.5602106759544893,0.05931572955349096,0.24453952795947584,0.10708091952548383,,,,0.9927161543179124,-0.0018603407488676997,0.0018603407488676997,,6.178570384405624,5.296340531428022,1892.7458266228093,2627.318818231718,,3030.5541396882554,2.1008658005311,,3225.1772744002337,,
overnight_28may/independent/rep6/fit_Hurdle-rfree_independent_N200_T52_seed4006.pkl,Hurdle-rfree,independent,4006,200,52,92,683.0,0.5900779845019619,0.5605796127091888,0.05091362200047774,0.1141239200255902,0.09316717375169052,,,,0.26691769546393135,,,,4.973794027035717,5.311132242276563,1498.4408492323307,2615.7676809451477,,69.13777353174967,2.479067128947413,,,163.97467403693307,1233.8871415435713
overnight_28may/independent/rep6/fit_heckman-indiv-rfree_independent_N200_T52_seed4006.pkl,heckman-indiv-rfree,independent,4006,200,52,92,265.2,0.5879524333529796,0.5675638851176718,0.0505199919432345,0.12688053202578456,0.09046318427706916,,,,1.0131756155377072,0.06964763135145986,0.06964763135145986,,4.9159770095916935,5.320592923437808,1160.451200930805,1263.2649497675952,,1801.0589842910156,2.4374243205626853,,,,
overnight_28may/independent/rep7/fit_BEMMAOR-indiv-rfree_independent_N200_T52_seed4007.pkl,BEMMAOR-indiv-rfree,independent,4007,200,52,92,336.1,0.5845064468603496,0.5733137408340585,0.05460830837069808,0.33018862734242577,0.10283097375419774,0.007535450087163837,0.007535450087163837,0.9322223443139798,1.6983250658428473,,,1493.1696122299848,4.921570371962036,6.165519422471525,2017.4006387688694,2783.444965579834,1715.348112532674,588.0767195596803,2.4343475477282865,,,,
overnight_28may/independent/rep7/fit_Heckman-global-rfree_independent_N200_T52_seed4007.pkl,Heckman-global-rfree,independent,4007,200,52,92,437.0,0.5727172196530094,0.5592549359544948,0.06379902436923701,0.3242673211883475,0.08835179916791447,,,,1.0042327009994538,-0.0030228164125717196,0.0030228164125717196,,6.157107463389377,5.2977456661216396,1770.2159122702978,2434.2566694805564,,3050.55248734489,2.099505016507566,,3587.151739526957,,
overnight_28may/independent/rep7/fit_Hurdle-rfree_independent_N200_T52_seed4007.pkl,Hurdle-rfree,independent,4007,200,52,92,688.4,0.5768104501846731,0.5689782602689332,0.053594689748236744,0.2923052225393354,0.08840145845639213,,,,0.35981140484571705,,,,4.99559865258301,5.341890724037443,1470.1019714753581,2267.8386636572386,,111.43712267635608,2.4088144730143655,,,256.94081925197605,1005.0955113367405
overnight_28may/independent/rep7/fit_heckman-indiv-rfree_independent_N200_T52_seed4007.pkl,heckman-indiv-rfree,independent,4007,200,52,92,2017.4,0.582068090747698,0.5605707148534526,0.09558500427148937,0.2968979593055037,0.14398279996091856,,,,0.9960681687841516,0.050939935669172966,0.050939935669172966,,5.221767585371025,4.65898725754305,7.192127231299473,7.291003025001679,,2188.7845063069412,2.8490940601561427,,,,
overnight_28may/independent/rep8/fit_BEMMAOR-indiv-rfree_independent_N200_T52_seed4008.pkl,BEMMAOR-indiv-rfree,independent,4008,200,52,92,370.8,0.5695211472296172,0.5684344394036028,0.06630833893262467,0.13811267917487616,0.07971082060613444,0.0069915449774404885,0.0069915449774404885,0.9243816471878453,0.1710527655291665,,,1813.6551250830905,5.635811171267447,6.154267495013445,2219.4939611890263,4262.662707217687,1982.0349906654278,726.5643785579556,1.9136241505427702,,,,
overnight_28may/independent/rep8/fit_Heckman-global-rfree_independent_N200_T52_seed4008.pkl,Heckman-global-rfree,independent,4008,200,52,92,370.2,0.5661141340272052,0.5734437648861501,0.0711878554169078,0.19620599876693465,0.08725777595216609,,,,0.9941508759277312,-0.00039630907777959214,0.00039630907777959214,,5.313990032077841,4.929268484531092,2123.8308054435533,2852.961591337708,,2836.1728896795203,2.410812606095395,,3443.8077385055885,,
overnight_28may/independent/rep8/fit_Hurdle-rfree_independent_N200_T52_seed4008.pkl,Hurdle-rfree,independent,4008,200,52,92,766.2,0.5687333092166614,0.5719183008783564,0.05981932697966238,0.08853035473840869,0.08275929879348588,,,,0.20901278502767026,,,,5.410311720579119,5.29708086335821,1451.5428624004662,1964.3141405755155,,81.32513085363017,2.1002689133110772,,,146.4829752962478,540.4891619728467
overnight_28may/independent/rep8/fit_heckman-indiv-rfree_independent_N200_T52_seed4008.pkl,heckman-indiv-rfree,independent,4008,200,52,92,315.9,0.570821609683904,0.57402791077663,0.0600077913094255,0.08297178425787703,0.0826398547764276,,,,1.004736847845117,-0.07012206388557723,0.07012206388557723,,4.95452883173636,5.2928391988410946,1349.4513001921339,1778.543599350841,,2439.7167067804207,2.4192351916680606,,,,
overnight_28may/independent/rep9/fit_BEMMAOR-indiv-rfree_independent_N200_T52_seed4009.pkl,BEMMAOR-indiv-rfree,independent,4009,200,52,92,360.2,0.6321643839971857,0.5803733695438008,0.03480143488012333,0.08469366155585072,0.08501401678310334,0.040024978933092335,0.040024978933092335,0.9373590209588588,0.21630953016266327,,,1948.8758277036954,5.343217272418389,6.172881602194262,2048.083735644126,3515.464770014967,1964.1120987913523,728.8317877587922,2.100549579075902,,,,
overnight_28may/independent/rep9/fit_Heckman-global-rfree_independent_N200_T52_seed4009.pkl,Heckman-global-rfree,independent,4009,200,52,92,290.9,0.6194165221639777,0.5705295627553242,0.05626670186015881,0.17864282644204152,0.09380532286268688,,,,0.9905883164306192,0.0044544875342368475,0.0044544875342368475,,5.29490810564057,4.928439259940186,1840.7421410267723,2871.798835610963,,3385.76356895122,2.4128600006454066,,3929.4033764486885,,
overnight_28may/independent/rep9/fit_Hurdle-rfree_independent_N200_T52_seed4009.pkl,Hurdle-rfree,independent,4009,200,52,92,929.4,0.6252833037074287,0.5737671607633587,0.042957095392955336,0.1256705570498592,0.08727733752548851,,,,0.4706254989153351,,,,4.916083534788804,5.328999464974917,1669.839220088846,2259.7978768912144,,119.00854787573812,2.460196619904014,,,342.32276416546665,1707.146607340766
overnight_28may/independent/rep9/fit_heckman-indiv-rfree_independent_N200_T52_seed4009.pkl,heckman-indiv-rfree,independent,4009,200,52,92,286.9,0.6223990173012656,0.5704454249170609,0.04308174666787338,0.1161826841696254,0.0884846773411932,,,,0.9925396027639435,0.2565947514761083,0.2565947514761083,,7.289626921553347,5.315355025529673,1032.2181280740497,1751.3400502228294,,2261.927775996301,2.101318152832921,,,,
overnight_28may/mixed/rep0/fit_BEMMAOR-global-rfree_mixed_N200_T52_seed4000.pkl,BEMMAOR-global-rfree,mixed,4000,200,52,92,6077.0,0.3150279734779831,0.3370621909035014,0.08894909193575895,0.8459204222905722,1.1293639492907581,3.8338252682198015,0.8501475804659404,,0.4448003041411209,,,1250.0568411462637,230.86973961938853,6.194961429193619,1321.2370140971625,1816.0686371634497,1070.2088254962027,1001.9769908075656,1.7376203938650072,,,,
overnight_28may/mixed/rep0/fit_BEMMAOR-indiv-rfree_mixed_N200_T52_seed4000.pkl,BEMMAOR-indiv-rfree,mixed,4000,200,52,92,841.8,0.4137489982032476,0.4179735767403116,0.10102884826251494,0.11531403051960783,0.1089719215744492,1.0593364092618995,0.017800922778569872,0.9195688604004085,1.0326327586221307,,,1770.8304860976125,5.582919096105017,6.158893963609668,2278.4540990140513,2419.061376945963,1115.8143665307764,868.4797104320501,1.9449606769309054,,,,
overnight_28may/mixed/rep0/fit_Heckman-global-rfree_mixed_N200_T52_seed4000.pkl,Heckman-global-rfree,mixed,4000,200,52,92,491.9,0.33702407249562427,0.3567991158529191,0.08876533138404656,0.1767003346999861,0.224432401341886,,,,1.009581112605519,0.04510322417618393,0.19097935516476322,,6.170817666235884,5.2986564503163285,1412.251691528113,2466.205531939622,,2954.4832026726262,2.1007743653695945,,3003.413371627455,,
overnight_28may/mixed/rep0/fit_Hurdle-rfree_mixed_N200_T52_seed4000.pkl,Hurdle-rfree,mixed,4000,200,52,92,853.0,0.3487569079566012,0.36947151646257903,0.09661704876450887,0.13027009420506144,0.17154065801501253,,,,0.6797816150142372,,,,5.413713982095372,5.3566754353802395,1134.8010190353918,1700.9024223997837,,94.44737294445216,2.0989039231866444,,,261.24491239395576,867.4313111304483
overnight_28may/mixed/rep0/fit_heckman-indiv-rfree_mixed_N200_T52_seed4000.pkl,heckman-indiv-rfree,mixed,4000,200,52,92,1264.9,0.35183324716036163,0.37179103552691317,0.0947967410805131,0.09753382522522265,0.1430420794871168,,,,0.9981490683665283,2.455429884518438,0.29108597690368765,,5.297581619812462,5.29298732206204,1968.709385490896,2676.507541012782,,3960.9330405858577,2.1127653398862707,,,,
overnight_28may/mixed/rep1/fit_BEMMAOR-global-rfree_mixed_N200_T52_seed4001.pkl,BEMMAOR-global-rfree,mixed,4001,200,52,92,4750.0,0.32422102832357047,0.33370097257848874,0.09832899520975225,0.7880950165619703,1.1269426944670826,3.854122937031172,0.8562368811093515,,0.4294911574427549,,,882.6197210337281,257.277263059854,6.182893253028716,1263.659181015141,1926.0351150732754,927.4003514603371,1230.1870750739356,1.7411746738481777,,,,
overnight_28may/mixed/rep1/fit_BEMMAOR-indiv-rfree_mixed_N200_T52_seed4001.pkl,BEMMAOR-indiv-rfree,mixed,4001,200,52,92,558.7,0.40580066823529864,0.4112045835804091,0.0783885021798953,0.1954283790409023,0.1915191018807716,1.056173119117981,0.016851935735394286,0.9057145841378125,0.26969051275064154,,,1584.7333353371876,5.172015706380596,6.2929689101453965,1923.500014885628,3321.1655104955985,912.4627532548882,877.9167978266153,2.1825609841550717,,,,
overnight_28may/mixed/rep1/fit_Heckman-global-rfree_mixed_N200_T52_seed4001.pkl,Heckman-global-rfree,mixed,4001,200,52,92,469.3,0.35209681605384013,0.3544355508437996,0.09850042790790903,0.1256646344792648,0.29691480293224365,,,,1.0077385927543465,0.03637738105318259,0.1927245237893635,,6.160240622404791,5.336166121527582,1704.6037657310776,3694.2354343836128,,3213.467989054084,2.1005853060405935,,3525.2004011089134,,
overnight_28may/mixed/rep1/fit_Hurdle-rfree_mixed_N200_T52_seed4001.pkl,Hurdle-rfree,mixed,4001,200,52,92,573.8,0.3672666761301891,0.36745270451707457,0.08887526973953815,0.08870587217949318,0.23710557934273227,,,,1.607366869850674,,,,5.60846496180201,5.344168963378679,921.2266577751288,1858.5889244605355,,103.61824467858298,2.105539566924036,,,297.6716377788452,885.8410192259314
overnight_28may/mixed/rep1/fit_heckman-indiv-rfree_mixed_N200_T52_seed4001.pkl,heckman-indiv-rfree,mixed,4001,200,52,92,551.2,0.3703246888562823,0.372195429860962,0.08867608547910162,0.08777557275098269,0.21675815033774504,,,,1.007872259299439,2.452958886331737,0.29059177726634744,,5.311725480834887,5.302519210962137,2090.240756620483,3726.516707969853,,4488.389447593754,2.110049553767835,,,,
overnight_28may/mixed/rep2/fit_BEMMAOR-global-rfree_mixed_N200_T52_seed4002.pkl,BEMMAOR-global-rfree,mixed,4002,200,52,92,3021.2,0.32518873047285635,0.32256166220859606,0.08438845415260243,0.8234866692759635,1.140841976293794,3.8423393331213993,0.8527017999364197,,0.4594259431602497,,,1138.1737963160638,216.90140330364102,6.249820409368579,1144.113725560368,1701.4243450335423,851.7157182294835,1010.718744610023,1.7452405853400532,,,,
overnight_28may/mixed/rep2/fit_BEMMAOR-indiv-rfree_mixed_N200_T52_seed4002.pkl,BEMMAOR-indiv-rfree,mixed,4002,200,52,92,347.4,0.4270343168464258,0.42784623820973905,0.06761366546034353,0.10177607417973968,0.09257819557850766,1.0561273041192434,0.016838191235773015,0.9248153906485928,0.7090957322944682,,,1720.0737466850073,5.053793575531583,6.176648251523256,2025.9515116561138,3139.452573593683,940.9022556631301,856.579231980589,2.294298392340825,,,,
overnight_28may/mixed/rep2/fit_Heckman-global-rfree_mixed_N200_T52_seed4002.pkl,Heckman-global-rfree,mixed,4002,200,52,92,465.5,0.3452862379443991,0.34567840283778095,0.08413899531277191,0.1474140787696808,0.21398624478376418,,,,1.0084114487891398,-0.023955637561071136,0.20479112751221423,,5.308430747426828,5.301495604607228,1707.6810694105518,2418.275762851777,,3003.009324290926,2.102993277708871,,3447.918013516729,,
overnight_28may/mixed/rep2/fit_Hurdle-rfree_mixed_N200_T52_seed4002.pkl,Hurdle-rfree,mixed,4002,200,52,92,470.0,0.3521542989864537,0.3588858110217796,0.07456941214050132,0.12871673676943549,0.10453460944492754,,,,0.8418106831904758,,,,4.85971623507799,5.3093828005765165,996.7456433999571,1618.8218937253196,,60.81959589227741,2.5453561257247785,,,124.99253978312824,157.88724706232279
overnight_28may/mixed/rep2/fit_heckman-indiv-rfree_mixed_N200_T52_seed4002.pkl,heckman-indiv-rfree,mixed,4002,200,52,92,396.9,0.3560040656875792,0.3640110399300829,0.07433527621282761,0.12030950016433362,0.0948728158235362,,,,1.0052449401235641,2.451574985756917,0.2903149971513834,,6.207910928765443,5.329327316989963,1777.3607835799671,2442.9508866074902,,3650.916186302638,2.106270348923124,,,,
overnight_28may/mixed/rep3/fit_BEMMAOR-global-rfree_mixed_N200_T52_seed4003.pkl,BEMMAOR-global-rfree,mixed,4003,200,52,92,3098.3,0.32104672753767544,0.33235463703906604,0.07832267042838566,0.8630754246242854,1.1305461645938726,3.861738476551447,0.858521542965434,,0.5569368063742102,,,1171.6135622267655,206.06146702065223,6.336353995879887,1140.7656587333538,1779.700203119645,526.6592639059332,1191.418092267937,1.7416795767299362,,,,
overnight_28may/mixed/rep3/fit_BEMMAOR-indiv-rfree_mixed_N200_T52_seed4003.pkl,BEMMAOR-indiv-rfree,mixed,4003,200,52,92,370.9,0.42324308013392536,0.4254385432488789,0.06898381388233203,0.23219195314044172,0.09677490895435376,1.1830158588070685,0.05490475764212055,0.9309788731843215,0.22446473204342424,,,1655.0689343655497,6.215076384832686,6.224551462221749,1046.2733304201247,2155.417719549378,882.2202099877865,751.4323575774185,1.7410879814545022,,,,
overnight_28may/mixed/rep3/fit_Heckman-global-rfree_mixed_N200_T52_seed4003.pkl,Heckman-global-rfree,mixed,4003,200,52,92,468.4,0.34421796016293243,0.35095084422556894,0.07857994116619275,0.21653949998226396,0.2283710408925764,,,,1.007463724989639,0.022676007488668926,0.19546479850226622,,6.175252683254917,5.329643932296204,1655.706211922512,2908.0638483162215,,3223.0934360622864,2.103264481209898,,3799.399307578181,,
overnight_28may/mixed/rep3/fit_Hurdle-rfree_mixed_N200_T52_seed4003.pkl,Hurdle-rfree,mixed,4003,200,52,92,808.9,0.3540296210512487,0.35926055585425487,0.07675486518607155,0.1947639685049932,0.16385699459447053,,,,0.34871788979925716,,,,5.508556471828788,5.28046888184096,1225.593214581363,1894.6227798538312,,23.102697784256108,2.12177325527527,,,51.95144861362123,197.67696013818957
overnight_28may/mixed/rep3/fit_heckman-indiv-rfree_mixed_N200_T52_seed4003.pkl,heckman-indiv-rfree,mixed,4003,200,52,92,827.4,0.35960623511838224,0.36995656680703154,0.07729877245182444,0.13868317169107186,0.12669191837525445,,,,1.001343553508341,2.45973102570505,0.29194620514101005,,5.315277472775129,5.324569828658008,1945.7051028625558,3065.794390199814,,3967.9531302878086,2.103150358273573,,,,
overnight_28may/mixed/rep4/fit_BEMMAOR-global-rfree_mixed_N200_T52_seed4004.pkl,BEMMAOR-global-rfree,mixed,4004,200,52,92,4859.9,0.32166270214176346,0.30240714146800374,0.10204938091148334,0.8092256422384901,1.1342950389089708,3.9209295319386257,0.8762788595815876,,0.4286498240890321,,,988.1593878104063,241.04134845080117,6.296209312248088,1481.3024937014366,2018.2692129468226,798.6270354194937,1205.6731869570174,1.7396625630272173,,,,
overnight_28may/mixed/rep4/fit_BEMMAOR-indiv-rfree_mixed_N200_T52_seed4004.pkl,BEMMAOR-indiv-rfree,mixed,4004,200,52,92,351.0,0.4064562768877011,0.42122834093949835,0.08865988113577032,0.04300837081577016,0.11043183545637636,1.3852090226384848,0.11556270679154546,0.8947635413014386,0.23874239387667295,,,1450.565567256566,5.273135418456033,6.1755826427877185,2113.009516177404,3111.32200579296,883.6180769301992,1192.4909087025803,2.1189748462808136,,,,
overnight_28may/mixed/rep4/fit_Heckman-global-rfree_mixed_N200_T52_seed4004.pkl,Heckman-global-rfree,mixed,4004,200,52,92,482.7,0.34609228381601215,0.32641552769695703,0.1023386939725512,0.15015235574139194,0.2932135008293059,,,,0.9955683672454311,-0.03331208038919314,0.20666241607783864,,6.179355508764072,5.322776214604568,1363.7098475232817,2765.398528460762,,3391.646125208369,2.100446271679684,,3904.885504876379,,
overnight_28may/mixed/rep4/fit_Hurdle-rfree_mixed_N200_T52_seed4004.pkl,Hurdle-rfree,mixed,4004,200,52,92,426.7,0.36638264680576976,0.35420253312818656,0.09477864125759587,0.07690548468371335,0.17967608708159277,,,,0.3668108459269077,,,,4.9481229959631445,5.342445863936993,1047.7079268846119,1851.5406479488531,,105.0510280623785,2.4071191125179747,,,204.40818877771747,986.2457247976323
overnight_28may/mixed/rep4/fit_heckman-indiv-rfree_mixed_N200_T52_seed4004.pkl,heckman-indiv-rfree,mixed,4004,200,52,92,317.0,0.3703301757835089,0.3620380530127365,0.09325720492153451,0.0840369367038571,0.15019209230899475,,,,0.9949967214524792,2.4596328472855378,0.29192656945710754,,4.940144148332061,5.315127761941697,1962.924782949689,2532.5235012486264,,4205.6843289757535,2.4190422406464043,,,,
overnight_28may/mixed/rep5/fit_BEMMAOR-indiv-rfree_mixed_N200_T52_seed4005.pkl,BEMMAOR-indiv-rfree,mixed,4005,200,52,92,363.1,0.38473974947124356,0.4263272726532149,0.0934927197851455,0.1296073401318978,0.15927793477584262,0.96557326446159,0.010328020661522996,0.9140647637850494,1.1282033117340986,,,1763.8634985582967,5.900317122153421,6.194914885570628,2261.348578824952,3001.263339622101,928.3848779227964,970.2631568281015,1.836066712146045,,,,
overnight_28may/mixed/rep5/fit_Heckman-global-rfree_mixed_N200_T52_seed4005.pkl,Heckman-global-rfree,mixed,4005,200,52,92,470.9,0.33413513238037496,0.35181094547261105,0.0878082508623262,0.18373704594629348,0.27055987558660344,,,,1.0068523812412298,0.011889266674912281,0.19762214666501757,,6.182409587042546,5.313686459032121,1782.8298788779427,2615.0195292893636,,3632.7073734935207,2.0987617540350576,,3445.0766002922105,,
overnight_28may/mixed/rep5/fit_Hurdle-rfree_mixed_N200_T52_seed4005.pkl,Hurdle-rfree,mixed,4005,200,52,92,842.4,0.3436050245863116,0.3686308120804177,0.08031708639411757,0.09612695701944668,0.19757113402166238,,,,1.0309171977259748,,,,6.033014630533591,5.321995249742635,1742.6057173247184,1915.1206873839174,,97.82978306088096,2.1026905159239,,,235.99971870165285,452.8939697747499
overnight_28may/mixed/rep5/fit_heckman-indiv-rfree_mixed_N200_T52_seed4005.pkl,heckman-indiv-rfree,mixed,4005,200,52,92,310.4,0.34765023266707673,0.37430367992621394,0.08063518195339918,0.05018291110677331,0.1723241873771927,,,,1.00355395895735,2.4471637755429274,0.2894327551085855,,5.319615989847914,5.280743150194646,1699.3950018124524,2459.0485009249037,,3107.3527692094235,2.1267182530988227,,,,
overnight_28may/mixed/rep6/fit_BEMMAOR-indiv-rfree_mixed_N200_T52_seed4006.pkl,BEMMAOR-indiv-rfree,mixed,4006,200,52,92,362.1,0.4155540138957837,0.42638950830675415,0.07698519643385322,0.23960634213852575,0.09930122024192668,1.2040542053776666,0.06121626161329996,0.9226120130224952,1.1686074528500734,,,1601.0006339867316,6.14083904171701,6.178076887281365,1752.4695825009044,2037.434524500831,906.85324952473,783.5267164672284,1.7576853409515454,,,,
overnight_28may/mixed/rep6/fit_Heckman-global-rfree_mixed_N200_T52_seed4006.pkl,Heckman-global-rfree,mixed,4006,200,52,92,467.5,0.3486539804311882,0.3516078480771141,0.08163243303381389,0.15995693451379886,0.23426864441559514,,,,1.0170329871315624,-0.0014560934088488542,0.20029121868176977,,6.152200741793529,5.301752567881173,1520.6296441334528,3040.770007798375,,3492.6854544550433,2.0991768356927074,,3865.251966525306,,
overnight_28may/mixed/rep6/fit_Hurdle-rfree_mixed_N200_T52_seed4006.pkl,Hurdle-rfree,mixed,4006,200,52,92,826.2,0.3590219533448013,0.3648449308366916,0.07436926700293982,0.11826763877447548,0.1377409919020904,,,,0.8552281053187935,,,,6.20114248144274,5.331354887106022,1144.2982180065908,2126.2306822256373,,140.09256815391586,2.110476035182378,,,383.484857243016,918.4214598423446
overnight_28may/mixed/rep6/fit_heckman-indiv-rfree_mixed_N200_T52_seed4006.pkl,heckman-indiv-rfree,mixed,4006,200,52,92,304.6,0.36551766517982676,0.37294335220646035,0.07299348359522646,0.10097861800998158,0.10994216103015442,,,,1.013495145165029,2.454674011483235,0.29093480229664703,,5.328292575977687,5.289291102438038,1744.915766166243,2542.7806627659666,,3176.4467610623597,2.1183709607501577,,,,
overnight_28may/mixed/rep7/fit_BEMMAOR-indiv-rfree_mixed_N200_T52_seed4007.pkl,BEMMAOR-indiv-rfree,mixed,4007,200,52,92,342.8,0.40285071166065023,0.40408887076565747,0.08211376351545115,0.26747345239821185,0.08512665198513174,1.1546964788880045,0.04640894366640136,0.9306779948527912,1.494540695895946,,,779.7920577383095,5.286071406242866,6.186907092602016,1778.236421787102,3720.13345506584,830.8869373316013,956.140491444654,2.1089521482271043,,,,
overnight_28may/mixed/rep7/fit_Heckman-global-rfree_mixed_N200_T52_seed4007.pkl,Heckman-global-rfree,mixed,4007,200,52,92,465.8,0.32407188341077936,0.3116044237279681,0.09032311261499788,0.14544141399295143,0.24072409248038498,,,,1.0060232913419527,0.039738006396850274,0.19205239872062996,,5.297899446768456,5.299809885897523,1516.6209795919406,2543.4011301202886,,2918.9209148352934,2.099791791513595,,4268.399183332014,,
overnight_28may/mixed/rep7/fit_Hurdle-rfree_mixed_N200_T52_seed4007.pkl,Hurdle-rfree,mixed,4007,200,52,92,665.5,0.3390477712389653,0.32574001791231694,0.08803179578834719,0.25503391680600745,0.17402322773608936,,,,1.310868553903229,,,,5.328427917895941,5.281247993035367,1172.38362614235,2340.3313266917207,,52.41126691611262,2.123392196324132,,,113.89702183736554,789.7428007284933
overnight_28may/mixed/rep7/fit_heckman-indiv-rfree_mixed_N200_T52_seed4007.pkl,heckman-indiv-rfree,mixed,4007,200,52,92,349.4,0.34587045643269665,0.3325014028221189,0.08808826583405593,0.20641095965697845,0.1381817637467444,,,,0.9850515392124238,2.4496539819734506,0.28993079639469016,,6.20418875529784,5.323504878696316,1951.7398117280848,3933.340700274007,,5019.839224291608,2.1009071424256147,,,,
overnight_28may/mixed/rep8/fit_BEMMAOR-indiv-rfree_mixed_N200_T52_seed4008.pkl,BEMMAOR-indiv-rfree,mixed,4008,200,52,92,365.2,0.39755052985642125,0.3982821153716149,0.09178470031201218,0.22293035878444037,0.17339420014451012,1.1442908914549363,0.043287267436480925,0.8736545671761632,0.19087133580871532,,,1589.3549190286494,5.603597901835406,6.19761996054568,1216.3551407369102,2493.072154785787,765.5397446505406,889.0240083320583,1.9339328779707694,,,,
overnight_28may/mixed/rep8/fit_Heckman-global-rfree_mixed_N200_T52_seed4008.pkl,Heckman-global-rfree,mixed,4008,200,52,92,386.4,0.34419233894963247,0.3496146167582538,0.09457139863363624,0.21501906766484002,0.26864384605002445,,,,1.0037085918135178,0.005270065126957128,0.19894598697460858,,6.16781422939983,5.309041437266169,1609.2981775102292,2985.640325129501,,3520.0859601628717,2.099161999151621,,4722.0345002930735,,
overnight_28may/mixed/rep8/fit_Hurdle-rfree_mixed_N200_T52_seed4008.pkl,Hurdle-rfree,mixed,4008,200,52,92,850.2,0.3567180353367593,0.357560466025679,0.08977551752957835,0.2098659753917731,0.20326384798512873,,,,1.5380088257830835,,,,6.001995652696195,5.3342612752488625,1118.9500157249972,2084.6666612410672,,48.476360158279746,2.101885647610102,,,202.40844302205892,746.0989669287109
overnight_28may/mixed/rep8/fit_heckman-indiv-rfree_mixed_N200_T52_seed4008.pkl,heckman-indiv-rfree,mixed,4008,200,52,92,308.6,0.3593262779884952,0.3619092533833824,0.08874287520189379,0.047744949170826896,0.18579469736316523,,,,1.0101972623380644,2.449335058322483,0.28986701166449663,,4.931724903408659,5.3301507614541626,2007.6451292787638,2342.425484623394,,3521.731131336658,2.423895878326573,,,,
overnight_28may/mixed/rep9/fit_BEMMAOR-indiv-rfree_mixed_N200_T52_seed4009.pkl,BEMMAOR-indiv-rfree,mixed,4009,200,52,92,366.9,0.41844574292175823,0.4421082145907224,0.08842135899218284,0.14586618619874162,0.11675908489694642,1.1039348608876631,0.03118045826629895,0.9206545294609881,0.5139712697583424,,,1538.8651447787547,5.818649163947688,6.175373027436496,1779.2613609159694,2623.57129417738,809.5183077819488,745.6993837459102,1.8494560239255764,,,,
overnight_28may/mixed/rep9/fit_Heckman-global-rfree_mixed_N200_T52_seed4009.pkl,Heckman-global-rfree,mixed,4009,200,52,92,303.1,0.3285278377660728,0.3491309053146937,0.0942542536247603,0.2037914535810144,0.26748885952655305,,,,1.00533905483091,-0.005282326726834729,0.20105646534536695,,5.615622775806833,5.294016491465646,1518.0427385165901,2761.1110457098835,,3240.715166846885,2.0995178424550227,,3934.06173472276,,
overnight_28may/mixed/rep9/fit_Hurdle-rfree_mixed_N200_T52_seed4009.pkl,Hurdle-rfree,mixed,4009,200,52,92,951.0,0.3575904190225407,0.37440589085580034,0.08191839677422257,0.18569470133147692,0.13892904101167028,,,,1.4016320514284761,,,,5.565936026630764,5.308986508544426,1113.1118604206417,1642.9913953435446,,41.57828243168906,2.1213961063316016,,,98.49280203697454,697.8297872065986
overnight_28may/mixed/rep9/fit_heckman-indiv-rfree_mixed_N200_T52_seed4009.pkl,heckman-indiv-rfree,mixed,4009,200,52,92,340.4,0.3604709369073987,0.3803306213165955,0.08266006788928197,0.07934090397154507,0.12142683127117931,,,,0.997130266739061,2.454825946856561,0.2909651893713122,,5.322393910089509,5.304645336956526,1745.459149537311,2585.909153009991,,3188.4250685588377,2.1239752054145375,,,,
overnight_28may/structural/rep0/fit_BEMMAOR-global-rfree_structural_N200_T52_seed4000.pkl,BEMMAOR-global-rfree,structural,4000,200,52,92,5850.3,0.3563792110973317,0.39373334816993055,0.0740422430276136,0.7706916543390637,1.1215379948714665,2.2642536982958834,0.6321268491479417,,0.2672651842918385,,,1373.415247759872,264.8595718663385,5.42478673732588,1253.726927126917,1776.7989761349356,881.2606376007384,1229.4489780023641,2.039118719673699,,,,
overnight_28may/structural/rep0/fit_BEMMAOR-indiv-rfree_structural_N200_T52_seed4000.pkl,BEMMAOR-indiv-rfree,structural,4000,200,52,92,818.6,0.4537289634744296,0.48763366688374754,0.08182103629536697,0.16645472203160708,0.12845546280078868,1.1704274269112491,0.08521371345562456,0.9383079977477279,1.0503675343940453,,,492.25809987427965,5.712371775282709,6.349865974297154,1894.6174178535596,2974.0952784255387,541.6065371098631,781.9148442694773,1.897655401871375,,,,
overnight_28may/structural/rep0/fit_Heckman-global-rfree_structural_N200_T52_seed4000.pkl,Heckman-global-rfree,structural,4000,200,52,92,478.5,0.35661028475124024,0.39390077805467316,0.07423572905595839,0.28134142418133395,0.30709218551570244,,,,1.0056415707709476,0.00016420233394776962,0.00016420233394776962,,5.319821444428844,5.336220868810908,1496.128751539845,2228.409201981213,,3277.510053024143,2.1002030038738897,,3400.0709713921983,,
overnight_28may/structural/rep0/fit_Hurdle-rfree_structural_N200_T52_seed4000.pkl,Hurdle-rfree,structural,4000,200,52,92,745.2,0.36789328425731543,0.4009618463549032,0.0799038858854197,0.21179644447483514,0.11044395672409267,,,,0.4065944171486007,,,,6.256793480290064,5.3092945792741455,1085.9033363601297,1527.6720178026962,,91.833079298099,2.1289219599035487,,,226.86317302333393,494.30312763973205
overnight_28may/structural/rep0/fit_heckman-indiv-rfree_structural_N200_T52_seed4000.pkl,heckman-indiv-rfree,structural,4000,200,52,92,6398.1,0.36929466835696506,0.39270974711319484,0.09400346505417372,0.13374992796032378,0.14812825204723248,,,,1.0077793081658035,0.4939789716618356,0.4939789716618356,,5.333124168241654,4.6570655415309306,7.248126565010984,7.725060346638636,,2788.0902718732577,2.880582972383837,,,,
overnight_28may/structural/rep1/fit_BEMMAOR-global-rfree_structural_N200_T52_seed4001.pkl,BEMMAOR-global-rfree,structural,4001,200,52,92,8364.4,0.39713944725310324,0.376235254970199,0.05466542086699929,0.7801210222785032,1.3626044451802206,2.27863776407431,0.6393188820371549,,0.58832299024185,,,80.01450701499725,41.90340586550233,5.582667115165603,7.054462059345033,7.311654652332512,482.6524737569131,7.366142323913845,1.9534053374585985,,,,
overnight_28may/structural/rep1/fit_BEMMAOR-indiv-rfree_structural_N200_T52_seed4001.pkl,BEMMAOR-indiv-rfree,structural,4001,200,52,92,555.5,0.4564615188756526,0.44575122412212437,0.07028842873423802,0.3021456679746723,0.15723467579817044,1.1087356801944155,0.05436784009720774,0.8823201697346136,0.49034460120040585,,,853.4322915650591,5.578177229836015,6.138864447071001,2064.9510825939597,3335.612348569183,612.0032996443974,689.6120810786746,1.9487198729629325,,,,
overnight_28may/structural/rep1/fit_Heckman-global-rfree_structural_N200_T52_seed4001.pkl,Heckman-global-rfree,structural,4001,200,52,92,462.5,0.3773060893257077,0.36001088438283513,0.07759437662733455,0.34332678035307024,0.3644101834891189,,,,0.9878003107033139,-0.0010127010567637887,0.0010127010567637887,,5.299363822287913,5.316328124579706,1885.8728747041007,2821.840486837796,,3252.024823219655,2.1009832407540587,,4082.877165487251,,
overnight_28may/structural/rep1/fit_Hurdle-rfree_structural_N200_T52_seed4001.pkl,Hurdle-rfree,structural,4001,200,52,92,551.2,0.39584281114976866,0.37742094220287264,0.08569409822865011,0.025657814699717698,0.21165997592359398,,,,1.627026561636639,,,,5.328349462887259,5.361534515068298,1330.7609994946367,1819.4991433074972,,168.98234194111123,2.1089510162272447,,,508.2355390500817,692.3039368345205
overnight_28may/structural/rep1/fit_heckman-indiv-rfree_structural_N200_T52_seed4001.pkl,heckman-indiv-rfree,structural,4001,200,52,92,532.0,0.3951875206877604,0.3780169410580717,0.08446528760056538,0.07069793322123964,0.20108874841737642,,,,0.9986654003433114,0.4932237499721757,0.4932237499721757,,5.316739063412873,5.327152874034995,1947.3941681041654,2250.1830531422825,,3187.796956664304,2.1089718667416926,,,,
overnight_28may/structural/rep2/fit_BEMMAOR-global-rfree_structural_N200_T52_seed4002.pkl,BEMMAOR-global-rfree,structural,4002,200,52,92,6474.0,0.38732570861629484,0.3714779200422291,0.03919706144598556,0.8117694710170328,1.1270194556676723,2.092233209599234,0.5461166047996171,,0.5148754266090952,,,226.75052737027792,50.147423421675946,5.449290392990356,7.104487939772188,7.16369173751859,61.565372235980874,6.978208076859709,2.0572936519248644,,,,
overnight_28may/structural/rep2/fit_BEMMAOR-indiv-rfree_structural_N200_T52_seed4002.pkl,BEMMAOR-indiv-rfree,structural,4002,200,52,92,360.0,0.47716111454982,0.47403657140672584,0.04730634856511262,0.1681544822808916,0.10588616241512627,1.0718321245312004,0.03591606226560018,0.9301114763789088,0.7291439028508034,,,521.6381184682562,6.165457344554766,6.084235581581954,1600.3356139202401,3010.8145512645683,474.6203833981384,671.0318413109818,1.7651189182356182,,,,
overnight_28may/structural/rep2/fit_Heckman-global-rfree_structural_N200_T52_seed4002.pkl,Heckman-global-rfree,structural,4002,200,52,92,470.1,0.37319752424186187,0.3600677664270068,0.0561988775980509,0.2843273363876434,0.3184605633154763,,,,1.008582222834126,-0.0006232032025729328,0.0006232032025729328,,6.1833262984782085,5.31825172578987,1833.260459742336,2273.715041575995,,2862.203188151441,2.1001487376451644,,2936.053321930871,,
overnight_28may/structural/rep2/fit_Hurdle-rfree_structural_N200_T52_seed4002.pkl,Hurdle-rfree,structural,4002,200,52,92,522.3,0.3873918041522786,0.367340167329453,0.056261002448285614,0.14676422488189161,0.10819426283265161,,,,0.79344107242991,,,,5.704570483411809,5.363446719299281,968.9222103916252,1456.7288080300455,,87.28569902065712,2.1051461605528337,,,21.794721892385336,21.890487332136196
overnight_28may/structural/rep2/fit_heckman-indiv-rfree_structural_N200_T52_seed4002.pkl,heckman-indiv-rfree,structural,4002,200,52,92,4040.7,0.3799481125516153,0.3732177443194,0.07409176269641275,0.16928464928360434,0.13920590252259654,,,,1.0072867555166738,0.49346499108358793,0.49346499108358793,,4.665152790317261,4.674357519992815,7.246411358620389,7.466597907654127,,3058.7581697709106,2.852665499713588,,,,
overnight_28may/structural/rep3/fit_BEMMAOR-global-rfree_structural_N200_T52_seed4003.pkl,BEMMAOR-global-rfree,structural,4003,200,52,92,6579.1,0.3974215144317323,0.37313928599561597,0.048493535932852105,0.7412864754088995,1.0987242790685585,2.1383661790363853,0.5691830895181926,,0.5553425871362375,,,275.70514261495384,115.93099676571634,5.377837485194099,7.225311075478744,7.266707261168849,28.04142958355155,7.269126204414981,2.0728327641762485,,,,
overnight_28may/structural/rep3/fit_BEMMAOR-indiv-rfree_structural_N200_T52_seed4003.pkl,BEMMAOR-indiv-rfree,structural,4003,200,52,92,344.8,0.4698250790358819,0.462310291824359,0.06840714356478401,0.11185249263610841,0.1356678423488894,1.1613535263861001,0.08067676319305006,0.9262491410879831,0.36641976518552805,,,720.0329804165539,4.9270917702705015,6.206673202146615,1717.8446286839142,3687.814720195596,443.13663607768734,740.5538794245099,2.4324831608658726,,,,
overnight_28may/structural/rep3/fit_Heckman-global-rfree_structural_N200_T52_seed4003.pkl,Heckman-global-rfree,structural,4003,200,52,92,508.4,0.39060738869362766,0.3547466177145058,0.0716505262976554,0.2814991089264667,0.3384598014585362,,,,1.0144509095244512,0.0007277511596846209,0.0007277511596846209,,5.295537580982661,5.302094564049122,1405.0485374852494,2644.9485884224327,,2571.666221798493,2.1089076953136603,,2408.853978324359,,
overnight_28may/structural/rep3/fit_Hurdle-rfree_structural_N200_T52_seed4003.pkl,Hurdle-rfree,structural,4003,200,52,92,601.0,0.39644634554745495,0.3649563669614896,0.07348947598400413,0.13885063786414653,0.15336417710674796,,,,0.6047899504145163,,,,4.939582469593857,5.340141172835166,1166.5176396036638,2184.858439267213,,144.16363329569467,2.430301143207953,,,340.63309965586313,551.9926043852382
overnight_28may/structural/rep3/fit_heckman-indiv-rfree_structural_N200_T52_seed4003.pkl,heckman-indiv-rfree,structural,4003,200,52,92,3695.3,0.3967597702108573,0.3640392351993321,0.09324927572586579,0.1753156508351451,0.13089193030961874,,,,1.003974535981299,0.49412092353279513,0.49412092353279513,,5.270920984018437,4.664271099881762,7.2247809467884565,7.233600568325176,,4516.934649580834,2.8602834277456184,,,,
overnight_28may/structural/rep4/fit_BEMMAOR-global-rfree_structural_N200_T52_seed4004.pkl,BEMMAOR-global-rfree,structural,4004,200,52,92,8297.5,0.3772415486882304,0.35743225412337615,0.04850326731271707,0.8233676480720122,1.2123427747454054,2.0692206333517067,0.5346103166758533,,0.6183728628395333,,,26.868210210970506,22.60563559701805,5.614720297232011,7.074558306389303,7.265704617030701,29.81328620458635,7.040399849532302,1.958196087179364,,,,
overnight_28may/structural/rep4/fit_BEMMAOR-indiv-rfree_structural_N200_T52_seed4004.pkl,BEMMAOR-indiv-rfree,structural,4004,200,52,92,345.4,0.4720543270659172,0.4673237217253889,0.07885833428225397,0.0755905992508804,0.12073292192617228,1.2383609079412814,0.1191804539706407,0.9257268831108928,0.3873146826840453,,,447.245816576866,6.187391673678962,6.2722348293485295,1921.7329592412434,3328.181854876122,430.86070401373945,628.5210910571523,1.7413309783760484,,,,
overnight_28may/structural/rep4/fit_Heckman-global-rfree_structural_N200_T52_seed4004.pkl,Heckman-global-rfree,structural,4004,200,52,92,490.3,0.36330040647195017,0.35277723354760127,0.07632084516042688,0.3513825567170186,0.35758722598950915,,,,1.0166861028711904,-0.0071083830207399005,0.0071083830207399005,,5.3058688907726985,5.31185323333489,1356.5618741849214,2358.1426735907166,,2891.631990242251,2.1023377917665225,,3529.654885761791,,
overnight_28may/structural/rep4/fit_Hurdle-rfree_structural_N200_T52_seed4004.pkl,Hurdle-rfree,structural,4004,200,52,92,401.0,0.37943809716662125,0.367008481895302,0.08895377793963177,0.19338964875761036,0.14687666900390864,,,,2.4764093022410645,,,,4.9265600597721955,5.230490218136844,1875.813230972526,2703.4126573630733,,140.5328957592112,2.4434131535825205,,,209.06653905130432,314.28981571595074
overnight_28may/structural/rep4/fit_heckman-indiv-rfree_structural_N200_T52_seed4004.pkl,heckman-indiv-rfree,structural,4004,200,52,92,320.1,0.3797785241571301,0.36902627277117156,0.0869086510317909,0.04881751713926313,0.13971069603510033,,,,0.9989179774628152,0.49431266278371283,0.49431266278371283,,5.364633113764123,5.32400214692496,2367.8883528237457,3993.597539948401,,4950.51985749889,2.106431509288902,,,,
overnight_28may/structural/rep5/fit_BEMMAOR-indiv-rfree_structural_N200_T52_seed4005.pkl,BEMMAOR-indiv-rfree,structural,4005,200,52,92,358.4,0.44415470661661594,0.4830510708758066,0.08617924557264589,0.09475816604287189,0.1670932475028324,1.1229825713253563,0.06149128566267814,0.917022800940407,0.5300685238652492,,,155.11345323917158,5.763598115953958,6.222618968602108,1697.860751626902,2484.646060876597,432.0877091008807,391.80442070775564,1.8684689650337571,,,,
overnight_28may/structural/rep5/fit_Heckman-global-rfree_structural_N200_T52_seed4005.pkl,Heckman-global-rfree,structural,4005,200,52,92,478.8,0.35179087893621674,0.3675516536346875,0.06984321925047847,0.29236279435626145,0.4015870007239905,,,,0.9975965160539632,0.0050521381679097125,0.0050521381679097125,,5.296944503163566,5.324172735293623,1713.8025235031935,2780.904677804165,,3775.649792830988,2.1026106975363437,,3417.2305864664877,,
overnight_28may/structural/rep5/fit_Hurdle-rfree_structural_N200_T52_seed4005.pkl,Hurdle-rfree,structural,4005,200,52,92,680.2,0.3597476404727056,0.3799116671987602,0.07454790304304382,0.20697661105950457,0.24390722269766765,,,,1.4348069653302014,,,,5.65397134547412,5.3995966545469365,1202.5035056049146,1670.209500316859,,101.17148301411403,2.1158672656965924,,,274.58088675702766,292.0740540462703
overnight_28may/structural/rep5/fit_heckman-indiv-rfree_structural_N200_T52_seed4005.pkl,heckman-indiv-rfree,structural,4005,200,52,92,309.2,0.3654508672266809,0.3812617376496241,0.07369008173593587,0.125093939156208,0.22636379964173892,,,,1.0024904527597578,0.4939085678890479,0.4939085678890479,,5.351549118256021,5.324156022855732,1739.8241033714519,3033.3774193213885,,3704.8428270679096,2.1123681254126483,,,,
overnight_28may/structural/rep6/fit_BEMMAOR-indiv-rfree_structural_N200_T52_seed4006.pkl,BEMMAOR-indiv-rfree,structural,4006,200,52,92,352.5,0.4703637739806312,0.46574595267453045,0.08284836053461786,0.13962635128382525,0.11673921180809992,1.0639336671355863,0.031966833567793174,0.9283290529225389,1.0413826154078059,,,602.5916175496334,6.126365259178349,6.133895131660227,1594.998149747964,3100.886021489554,668.2224835043273,824.0156223059794,1.7825755203170304,,,,
overnight_28may/structural/rep6/fit_Heckman-global-rfree_structural_N200_T52_seed4006.pkl,Heckman-global-rfree,structural,4006,200,52,92,510.7,0.368424112698718,0.36334893218998704,0.06267870733867302,0.2720577505812773,0.2825670569543895,,,,1.0004655115292713,0.003205707520714128,0.003205707520714128,,5.2921454683993225,5.298546080187889,1372.364540831085,2203.4798399148367,,2788.741372602537,2.108724328849675,,3421.1437599426326,,
overnight_28may/structural/rep6/fit_Hurdle-rfree_structural_N200_T52_seed4006.pkl,Hurdle-rfree,structural,4006,200,52,92,681.2,0.3781511209108121,0.3738805602303194,0.07237765360913546,0.2410235389782708,0.1301064312145539,,,,0.6931837004286799,,,,6.041211419694291,5.335826204737301,1082.0545310274863,1927.430245865767,,43.76879803558343,2.125507475814112,,,149.5240335962044,792.4526590492803
overnight_28may/structural/rep6/fit_heckman-indiv-rfree_structural_N200_T52_seed4006.pkl,heckman-indiv-rfree,structural,4006,200,52,92,3567.4,0.3692220998630714,0.37051278234878327,0.08909462547575868,0.1883086377163379,0.14411444319239564,,,,0.9996062301872665,0.4933823378689466,0.4933823378689466,,4.662049048252914,4.667707455455665,7.226033567101961,7.239481105939914,,3480.826102353101,2.8530356732915334,,,,
overnight_28may/structural/rep7/fit_BEMMAOR-indiv-rfree_structural_N200_T52_seed4007.pkl,BEMMAOR-indiv-rfree,structural,4007,200,52,92,351.4,0.4531684513981647,0.4855678691127676,0.05656945724307131,0.2261811650182255,0.07707293831761534,1.0786472958049298,0.0393236479024649,0.9169666502000521,0.5870049922209308,,,1167.6327810341481,5.400651675802353,6.175122014354131,1619.6729034138057,2792.4115250576424,677.8464827521047,822.2145310856957,2.0383934453161507,,,,
overnight_28may/structural/rep7/fit_Heckman-global-rfree_structural_N200_T52_seed4007.pkl,Heckman-global-rfree,structural,4007,200,52,92,489.6,0.34525639807663294,0.3803250429151718,0.04532903913630285,0.3405397065462367,0.24543689760025997,,,,1.0183047456705256,-0.003436547040704248,0.003436547040704248,,6.204853043232117,5.324282037161111,1212.8619266411442,1597.2679930904178,,2642.1770968663295,2.1018533351671165,,2908.5170688438857,,
overnight_28may/structural/rep7/fit_Hurdle-rfree_structural_N200_T52_seed4007.pkl,Hurdle-rfree,structural,4007,200,52,92,674.2,0.3572256680769684,0.38988422298935993,0.04886741018411737,0.24588854704464014,0.10463569137174346,,,,0.6788363542278285,,,,4.8907161838785465,5.297236614896797,1216.6634893756916,2255.5982789200284,,44.63225818586694,2.4855876163955495,,,109.72124338933703,401.0427423826536
overnight_28may/structural/rep7/fit_heckman-indiv-rfree_structural_N200_T52_seed4007.pkl,heckman-indiv-rfree,structural,4007,200,52,92,3337.7,0.3629271722032114,0.388954552684981,0.06620043253525205,0.264975294877773,0.10606901101814316,,,,1.0037217335650863,0.493782502976724,0.493782502976724,,5.294723016670871,4.669016825485696,7.240294288732201,7.2527671720651785,,3136.8957797576977,2.860998796738308,,,,
overnight_28may/structural/rep8/fit_BEMMAOR-indiv-rfree_structural_N200_T52_seed4008.pkl,BEMMAOR-indiv-rfree,structural,4008,200,52,92,338.8,0.43155506779542613,0.4444715016222036,0.09856166664440846,0.1832156652787984,0.18434655488392945,1.0972203740385433,0.04861018701927167,0.894916397678655,0.9472863816484859,,,748.8000441119086,4.930736297858484,6.186260468029881,2185.528046822931,3030.679521112951,721.9988969545346,868.2563393010913,2.4186232447764455,,,,
overnight_28may/structural/rep8/fit_Heckman-global-rfree_structural_N200_T52_seed4008.pkl,Heckman-global-rfree,structural,4008,200,52,92,402.7,0.3525571027641245,0.3666840566030112,0.08256135308597397,0.3410654268509181,0.29402328443208686,,,,1.0090599338304906,-0.003712419334034348,0.003712419334034348,,5.3154638414501365,5.315631396680953,1452.9211676027944,3114.0496409828443,,3004.062246202189,2.0995354923057734,,3138.765129913332,,
overnight_28may/structural/rep8/fit_Hurdle-rfree_structural_N200_T52_seed4008.pkl,Hurdle-rfree,structural,4008,200,52,92,670.9,0.35932625663868845,0.37621738727804294,0.09860508219382247,0.0694251858335515,0.20091668042445873,,,,1.4606024209333233,,,,5.327317419542788,5.324646532350636,1051.3233077742636,1889.5378166037692,,69.03430821370465,2.1087991293932107,,,242.70314053379212,470.7453112625076
overnight_28may/structural/rep8/fit_heckman-indiv-rfree_structural_N200_T52_seed4008.pkl,heckman-indiv-rfree,structural,4008,200,52,92,3534.9,0.3661568766600978,0.3795555144675301,0.10603332387783548,0.081334012734196,0.15232874991460538,,,,1.0130780782067412,0.4935962447655587,0.4935962447655587,,4.6687323061932,4.678276351806152,7.212586097810801,7.233702602633508,,3173.7638539466475,2.852255684757518,,,,
overnight_28may/structural/rep9/fit_BEMMAOR-indiv-rfree_structural_N200_T52_seed4009.pkl,BEMMAOR-indiv-rfree,structural,4009,200,52,92,363.7,0.42594647640532335,0.4605758086902558,0.08748961781373825,0.07393561838464967,0.09625930425765965,1.182263119679981,0.09113155983999055,0.9152635231261046,0.2404848403080823,,,440.44043571524645,5.741628674348852,6.225929186391094,1222.8449443135976,1760.376704609754,235.26065311042603,283.19218401248884,1.9172543080198732,,,,
overnight_28may/structural/rep9/fit_Heckman-global-rfree_structural_N200_T52_seed4009.pkl,Heckman-global-rfree,structural,4009,200,52,92,301.4,0.3248744401564901,0.3709937039713416,0.07980057665250957,0.31896906954906257,0.3077537622004231,,,,1.002289458541904,0.0008570604377015525,0.0008570604377015525,,5.307252757565902,5.3024168073787585,1480.8184389912012,3284.8827499638824,,4564.944704419092,2.0992191731433634,,3645.0271412018187,,
overnight_28may/structural/rep9/fit_Hurdle-rfree_structural_N200_T52_seed4009.pkl,Hurdle-rfree,structural,4009,200,52,92,917.7,0.33293743179282226,0.3798358610386899,0.0939046522127962,0.2762231510677984,0.16391224949682562,,,,1.351752997998607,,,,6.123190877816064,5.3397813178541345,1181.8501712616958,1499.3469969077012,,94.16380836934059,2.122991406364506,,,201.1747852050066,513.6131415071707
overnight_28may/structural/rep9/fit_heckman-indiv-rfree_structural_N200_T52_seed4009.pkl,heckman-indiv-rfree,structural,4009,200,52,92,3340.2,0.3500060074280145,0.3893935958023815,0.1066923739585995,0.12002349328059066,0.15123956236813366,,,,1.0087172780489801,0.49415268878354424,0.49415268878354424,,5.181752567912824,4.677816880944133,7.242254307283356,7.26595283316764,,3938.433779576656,2.8521449474148337,,,,
